Fund Name,P1,P2,P3,P4,P5,Topsis_Score,Rank
M1,0.84,0.71,6.7,42.1,12.59,0.5335161516048399,8
M2,0.91,0.83,7.0,31.7,10.11,0.4434334968697436,2
M3,0.79,0.62,4.8,46.7,13.23,0.4447367796269499,3
M4,0.78,0.61,6.4,42.4,12.55,0.49083619335510753,7
M5,0.94,0.88,3.6,62.2,16.91,0.6360070813593292,4
M6,0.88,0.77,6.5,51.5,14.91,0.7306392426456358,1
M7,0.66,0.44,5.3,48.9,13.83,0.4748016433922132,5
M8,0.93,0.86,3.4,37.0,10.55,0.30130362022500706,6
